best_similarity,second_similarity,similarity_margin,trust_score,confidence_score,conflict_score,poison_score,attack_type,memory_type,category,risk_score,verification_count,conflict_count,version,drift_score,stability_score,label
0.95,0.7999999999999999,0.15000000000000002,1.0,0.7869,0,0.0,4,1,265,0.0,0,0,1,0,1,0
0.95,0.7999999999999999,0.15000000000000002,1.0,0.9502,0,0.0,4,1,451,0.0,0,0,1,0,1,0
0.95,0.7999999999999999,0.15000000000000002,1.0,0.8434,0,0.0,4,1,275,0.0,0,0,1,0,1,0
0.98,0.83,0.15000000000000002,0.020000000000000018,0.5433,0,0.98,2,1,193,0.98,0,0,1,0,1,1
0.98,0.83,0.15000000000000002,0.020000000000000018,0.5,0,0.98,5,1,641,0.98,0,0,1,0,1,1
0.689,0.5389999999999999,0.15000000000000002,0.31100000000000005,0.5062,0,0.689,3,1,641,0.689,0,0,1,0,1,1
